id,name,model_id:id,group_id:id,perm_read,perm_write,perm_create,perm_unlink
access_ai_provider_user,ai.provider user,model_ai_provider,group_ai_user,1,0,0,0
access_ai_provider_admin,ai.provider admin,model_ai_provider,group_ai_admin,1,1,1,1
access_ai_provider_system,ai.provider system,model_ai_provider,base.group_system,1,1,1,1
access_ai_model_user,ai.model user,model_ai_model,group_ai_user,1,0,0,0
access_ai_model_admin,ai.model admin,model_ai_model,group_ai_admin,1,1,1,1
access_ai_model_system,ai.model system,model_ai_model,base.group_system,1,1,1,1
access_ai_use_case_tag_user,ai.use.case.tag user,model_ai_use_case_tag,group_ai_user,1,0,0,0
access_ai_use_case_tag_admin,ai.use.case.tag admin,model_ai_use_case_tag,group_ai_admin,1,1,1,1
access_ai_use_case_tag_system,ai.use.case.tag system,model_ai_use_case_tag,base.group_system,1,1,1,1
