id,name,model_id/id,group_id/id,perm_read,perm_write,perm_create,perm_unlink

goal_employee,"Goal Employee",model_gamification_goal,gamification.group_gamification_user,1,1,0,0
goal_manager,"Goal Manager",model_gamification_goal,gamification.group_gamification_manager,1,1,1,1
goal_portal,"Goal Portal",gamification.model_gamification_goal,base.group_portal,1,1,0,0

goal_definition_employee,"Goal Definition Employee",model_gamification_goal_definition,gamification.group_gamification_user,1,0,0,0
goal_definition_manager,"Goal Definition Manager",model_gamification_goal_definition,gamification.group_gamification_manager,1,1,1,1
goal_definition_portal,"Goal Definition Portal",gamification.model_gamification_goal_definition,base.group_portal,1,0,0,0

challenge_employee,"Goal Challenge Employee",model_gamification_challenge,gamification.group_gamification_user,1,0,0,0
challenge_manager,"Goal Challenge Manager",model_gamification_challenge,gamification.group_gamification_manager,1,1,1,1
challenge_portal,"Goal Challenge Portal",gamification.model_gamification_challenge,base.group_portal,1,0,0,0

challenge_line_employee,"Challenge Line Employee",model_gamification_challenge_line,gamification.group_gamification_user,1,0,0,0
challenge_line_manager,"Challenge Line Manager",model_gamification_challenge_line,gamification.group_gamification_manager,1,1,1,1
challenge_line_portal,"Challenge Line Portal",gamification.model_gamification_challenge_line,base.group_portal,1,0,0,0

badge_employee,"Badge Employee",model_gamification_badge,gamification.group_gamification_user,1,0,0,0
badge_manager,"Badge Manager",model_gamification_badge,gamification.group_gamification_manager,1,1,1,1
badge_portal,"Badge Portal",gamification.model_gamification_badge,base.group_portal,1,0,0,0
badge_public,"Badge Public",gamification.model_gamification_badge,base.group_public,1,0,0,0

badge_user_employee,"Badge-user Employee",model_gamification_badge_user,gamification.group_gamification_user,1,0,1,0
badge_user_manager,"Badge-user Manager",model_gamification_badge_user,gamification.group_gamification_manager,1,1,1,1
badge_user_portal,"Badge-user Portal",gamification.model_gamification_badge_user,base.group_portal,1,0,0,0
badge_user_public,"Badge-user Public",gamification.model_gamification_badge_user,base.group_public,1,0,0,0

gamification_karma_rank_access_public,gamification.karma.rank.access.all,gamification.model_gamification_karma_rank,base.group_public,1,0,0,0
gamification_karma_rank_access_portal,gamification.karma.rank.access.all,gamification.model_gamification_karma_rank,base.group_portal,1,0,0,0
gamification_karma_rank_access_employee,gamification.karma.rank.access.all,gamification.model_gamification_karma_rank,gamification.group_gamification_user,1,0,0,0
gamification_karma_rank_access_user_manager,gamification.karma.rank.access.user.manager,gamification.model_gamification_karma_rank,base.group_system,1,1,1,1
gamification_karma_rank_access_manager,gamification.karma.rank.access.manager,gamification.model_gamification_karma_rank,gamification.group_gamification_manager,1,1,1,1
gamification_karma_tracking_access_all,gamification.karma.tracking.access.all,gamification.model_gamification_karma_tracking,,0,0,0,0
gamification_karma_tracking_access_user_manager,gamification.karma.tracking.access.user.manager,gamification.model_gamification_karma_tracking,base.group_system,1,1,1,1

streak_type_employee,"Streak Type Employee",model_gamification_streak_type,gamification.group_gamification_user,1,0,0,0
streak_type_manager,"Streak Type Manager",model_gamification_streak_type,gamification.group_gamification_manager,1,1,1,1

streak_employee,"Streak Employee",model_gamification_streak,gamification.group_gamification_user,1,0,0,0
streak_manager,"Streak Manager",model_gamification_streak,gamification.group_gamification_manager,1,1,1,1

kudos_category_employee,"Kudos Category Employee",model_gamification_kudos_category,gamification.group_gamification_user,1,0,0,0
kudos_category_manager,"Kudos Category Manager",model_gamification_kudos_category,gamification.group_gamification_manager,1,1,1,1

kudos_employee,"Kudos Employee",model_gamification_kudos,gamification.group_gamification_user,1,1,1,0
kudos_manager,"Kudos Manager",model_gamification_kudos,gamification.group_gamification_manager,1,1,1,1

achievement_employee,"Achievement Employee",model_gamification_achievement,gamification.group_gamification_user,1,0,0,0
achievement_manager,"Achievement Manager",model_gamification_achievement,gamification.group_gamification_manager,1,1,1,1

achievement_unlock_employee,"Achievement Unlock Employee",model_gamification_achievement_unlock,gamification.group_gamification_user,1,0,0,0
achievement_unlock_manager,"Achievement Unlock Manager",model_gamification_achievement_unlock,gamification.group_gamification_manager,1,1,1,1

team_employee,"Team Employee",model_gamification_team,gamification.group_gamification_user,1,0,0,0
team_manager,"Team Manager",model_gamification_team,gamification.group_gamification_manager,1,1,1,1

engagement_snapshot_employee,"Engagement Snapshot Employee",model_gamification_engagement_snapshot,gamification.group_gamification_user,1,0,0,0
engagement_snapshot_manager,"Engagement Snapshot Manager",model_gamification_engagement_snapshot,gamification.group_gamification_manager,1,1,1,1

activity_employee,"Activity Feed Employee",model_gamification_activity,gamification.group_gamification_user,1,0,0,0
activity_manager,"Activity Feed Manager",model_gamification_activity,gamification.group_gamification_manager,1,1,1,1

mentorship_employee,"Mentorship Employee",model_gamification_mentorship,gamification.group_gamification_user,1,1,1,0
mentorship_manager,"Mentorship Manager",model_gamification_mentorship,gamification.group_gamification_manager,1,1,1,1

quest_employee,"Quest Employee",model_gamification_quest,gamification.group_gamification_user,1,0,0,0
quest_manager,"Quest Manager",model_gamification_quest,gamification.group_gamification_manager,1,1,1,1

quest_step_employee,"Quest Step Employee",model_gamification_quest_step,gamification.group_gamification_user,1,0,0,0
quest_step_manager,"Quest Step Manager",model_gamification_quest_step,gamification.group_gamification_manager,1,1,1,1

quest_enrollment_employee,"Quest Enrollment Employee",model_gamification_quest_enrollment,gamification.group_gamification_user,1,1,1,0
quest_enrollment_manager,"Quest Enrollment Manager",model_gamification_quest_enrollment,gamification.group_gamification_manager,1,1,1,1

quest_step_completion_employee,"Quest Step Completion Employee",model_gamification_quest_step_completion,gamification.group_gamification_user,1,0,0,0
quest_step_completion_manager,"Quest Step Completion Manager",model_gamification_quest_step_completion,gamification.group_gamification_manager,1,1,1,1

season_employee,"Season Employee",model_gamification_season,gamification.group_gamification_user,1,0,0,0
season_manager,"Season Manager",model_gamification_season,gamification.group_gamification_manager,1,1,1,1

skill_tree_employee,"Skill Tree Employee",model_gamification_skill_tree,gamification.group_gamification_user,1,0,0,0
skill_tree_manager,"Skill Tree Manager",model_gamification_skill_tree,gamification.group_gamification_manager,1,1,1,1

skill_node_employee,"Skill Node Employee",model_gamification_skill_node,gamification.group_gamification_user,1,0,0,0
skill_node_manager,"Skill Node Manager",model_gamification_skill_node,gamification.group_gamification_manager,1,1,1,1

skill_node_unlock_employee,"Skill Node Unlock Employee",model_gamification_skill_node_unlock,gamification.group_gamification_user,1,0,0,0
skill_node_unlock_manager,"Skill Node Unlock Manager",model_gamification_skill_node_unlock,gamification.group_gamification_manager,1,1,1,1

access_gamification_goal_wizard,access.gamification.goal.wizard,model_gamification_goal_wizard,gamification.group_gamification_user,1,1,1,0
access_gamification_badge_user_wizard,access.gamification.badge.user.wizard,model_gamification_badge_user_wizard,gamification.group_gamification_user,1,1,1,0
